Título,Conteúdo_Comentário,Status_resposta,Data_Comentário,URL_Título
Conta Hackeada não ha contato de emergencia,"Estou com problema na retirada do meu dinheiro junto a avenue, anteriormente eu tinha solicitado o encerramento da conta, na mesma",Não respondida,Há 20 horas,https://www.reclameaqui.com.br/avenue-securities/conta-hackeada-nao-ha-contato-de-emergencia_R3s7nn1NHlCRUvBw/
Erro de retirada,,Não respondida,Há 2 dias,https://www.reclameaqui.com.br/avenue-securities/erro-de-retirada_XNtMdRqIPiYcND4S/
Cobrança indevida de corretagem,"Meu plano é com três corretagens grátis no mês, e fui surpreendido com a cobrança de corretagem de USD 2.50 na minha primeira oper",,Há 2 dias,https://www.reclameaqui.com.br/avenue-securities/cobranca-indevida-de-corretagem_iywp76Pupg37ZYnN/
Transferência de Corretora,"Dia 23/03/23 iniciei a transferência da minha conta para a Interactive Broker, fiz isso principalmente por não conseguir negociar ",Não respondida,Há 2 dias,https://www.reclameaqui.com.br/avenue-securities/transferencia-de-corretora_v_hwHYv3xmG42C53/
Impossível sacar Bitcoins,A corretora não me permite transferir o saldo em BTC para minha cold wallet. Diz que o limite é insuficiente.  Pedi aumento do lim,,Há 4 dias,https://www.reclameaqui.com.br/avenue-securities/impossivel-sacar-bitcoins_f2A3dqaP5p86AZO2/
Cobrança de taxa sem aviso,"Eu realizei uma operação de portabilidade dos meus investimentos internacionais da XP International para a Avenue, através do méto",Não respondida,Há 5 dias,https://www.reclameaqui.com.br/avenue-securities/cobranca-de-taxa-sem-aviso_eoGgiW0UbgAi1iJr/
Não consigo alterar senha,perdi meu celular e porem nao consigo alterar a senha pois pede o numero do mesmo e tento entrar num chat que nunca funciona.,,Há 5 dias,https://www.reclameaqui.com.br/avenue-securities/nao-consigo-alterar-senha_Leuq0_SI83snWWTF/
Minhas cotas VNQ sumiram da conta,"Minhas 3 cotas VNQ sumiram da conta, nesta data.",,Há 5 dias,https://www.reclameaqui.com.br/avenue-securities/minhas-cotas-vnq-sumiram-da-conta_1_AZce-iW5KAqotR/
Não consigo alterar meu número de celular cadastrado,Estou há dias tentando alterar meu número celular cadastrado na minha conta Avenue. Tentei tanto pelo app quanto pelo site e não c,,Há 6 dias,https://www.reclameaqui.com.br/avenue-securities/nao-consigo-alterar-meu-numero-de-celular-cadastrado_rx0oo30-au7B5XfK/
A Avenue calculou o meu Imposto errado!!!,"A Avenue me mandou um imposto para pagar de Fevereiro, muito superior do que os 15% em ganho de capital em ações. E para piorar, n",,Há 6 dias,https://www.reclameaqui.com.br/avenue-securities/a-avenue-calculou-o-meu-imposto-errado_zkKgx_epqcM42SVG/
Encerrar Conta,"Olá,  apareceu uma conta criada em meu nome no dia 28/02/2023 e não tenho nenhum conhecimento sobre, gostaria do encerramento dess",,Há 6 dias,https://www.reclameaqui.com.br/avenue-securities/encerrar-conta_7YAdUTBUUj1yqzx9/
Não consigo tirar meu dinheiro,"Coloquei dinheiro na Avenue porque iria realizar um intercâmbio, e até então, era uma boa opção. Entretanto tá se tornando um terr",,Há 6 dias,https://www.reclameaqui.com.br/avenue-securities/nao-consigo-tirar-meu-dinheiro_6zXevthlAuKoY8U-/
Imposto de renda,"Não estou conseguindo declarar meu imposto de renda ano calendário 2023, pois existem pendências para o cálculo de relatórios. Sen",Não respondida,Há 6 dias,https://www.reclameaqui.com.br/avenue-securities/imposto-de-renda_mqXrTvYO0G-hocAV/
Conta com saldo negativo.,"Há algum tempo ingressei no mundo dos investimentos e, com isso, buscando diversidade, procurei também uma empresa pela qual eu pu",,Há 7 dias,https://www.reclameaqui.com.br/avenue-securities/conta-com-saldo-negativo_24u_Fl_6sxQm_uQV/
Cobrança indevida,"Tentei comprar o cartão  metrocard em Nova York com o cartão físico da avenue, porém a máquina negou as três tentativas. ",,Há 8 dias,https://www.reclameaqui.com.br/avenue-securities/cobranca-indevida_i0dva5dwuIOD5K_H/
Conta Aberta no Registrato Sem Ter Cadastrado,"Olá, pessoal, há muito tempo atrás tive contato com vocês. Acredito que encerrei bem há uns 5 anos. Ontem acessei meu Registrato e",,Há 8 dias,https://www.reclameaqui.com.br/avenue-securities/conta-aberta-no-registrato-sem-ter-cadastrado_X_MnP8bUl9nVUUSo/
Não reconheço abertura de conta,"Em consulta ao Registrato do Bacen, verifiquei que consta uma conta aberta em meu nome na referida instituição (Registro: 61.384.0",,Há 8 dias,https://www.reclameaqui.com.br/avenue-securities/nao-reconheco-abertura-de-conta_IIURZz14Wk3SBvFw/
Transferência de custódia,Fiz contato através do chat da Avenue em 15/03 para realizar a transferência de custodia da Fidelity para a Avenue. Fui informada,,Há 8 dias,https://www.reclameaqui.com.br/avenue-securities/transferencia-de-custodia_N2q_l1msg0S0fdMv/
Péssimo suporte ao cliente,"Primeiro que já começam errado liberando o relatório anual do IRPF no dia que começa a declaração, pois TODOS os bancos/corretoras",,Há 8 dias,https://www.reclameaqui.com.br/avenue-securities/pessimo-suporte-ao-cliente_sv-Bu6NcGWCUYuu2/
Registro de conta no Banco Central,"Periodicamente acesso o Registrato do Banco Central do Brasil para ver as contas abertas em meu nome, e para a minha surpresa onte",,Há 9 dias,https://www.reclameaqui.com.br/avenue-securities/registro-de-conta-no-banco-central_FGeDgURrM3w1Gocf/
Impossível liquidar posição BPYPM,"Possuo uma quantidade fracionada do ativo BPYPM e estou tentando vender o mesmo na plataforma. Porém, sempre recebo essa mensagem ",,Há 9 dias,https://www.reclameaqui.com.br/avenue-securities/impossivel-liquidar-posicao-bpypm_DYH3_YQ6vEpWiU2l/
Não recebi o comprovante da suposta comunicação que não recebi,"Recebi uma ligação da Avenue dizendo que iria me enviar por e-mail o comprovante da comunicação que supostamente foi feita, e até ",,Há 10 dias,https://www.reclameaqui.com.br/avenue-securities/nao-recebi-o-comprovante-da-suposta-comunicacao-que-nao-recebi_WVVcHM-4uG7vwEdq/
cancelamento de conta,"tenho protocolo de cancelamento de conta com a confirmação de vocês no dia 20/01/2023, porem ao pesquisar no registrato vocês abri",,Há 10 dias,https://www.reclameaqui.com.br/avenue-securities/cancelamento-de-conta_kxbKPdFbrwbxdYFl/
Nao consigo acessar minha conta pois preciso mudar o numero de telefone.,Necessito urgentemente acessar minha conta mas como nao tenho mais meu numero de celular antigo não consigo colocar o codigo que e,,Há 11 dias,https://www.reclameaqui.com.br/avenue-securities/nao-consigo-acessar-minha-conta-pois-preciso-mudar-o-numero-de-telefone_t2P8jDejbxxnC8mu/
CANCELAMENTO DE CONTA,"Há muito tempo abri uma conta na Avenue, tinha pouca coisa investida lá e nem mexia mais, até que no dia 10/03 recebi um e-mail in",,Há 12 dias,https://www.reclameaqui.com.br/avenue-securities/cancelamento-de-conta_XuC3AeYivxkDXRFZ/
Bloquearam a minha conta com mais de 100 mil DÓLARES,"Abri a constatação de uma compra de 2,91 dólares para bloquearem meu cartão por questão de segurança até eu resolver e eles bloque",,Há 12 dias,https://www.reclameaqui.com.br/avenue-securities/bloquearam-a-minha-conta-com-mais-de-100-mil-dolares_PwbFnlIXJ8WXxBWj/
Fomos [Editado pelo Reclame Aqui],Eu e minha namorada fizemos gastos com o cartão de débito Avenue no Uruguai em 31/12/22. No dia 15/02/23 a empresa debitou de noss,,Há 12 dias,https://www.reclameaqui.com.br/avenue-securities/fomos_v9JSppRukjAocvze/
Encerramento de conta,Não consigo encerrar a conta e vejo este o único meio de encerramento.Solicito encerramento de minha conta Avenue.,,Há 12 dias,https://www.reclameaqui.com.br/avenue-securities/encerramento-de-conta__4zFKYT1gXSQGuvt/
Dificuldade extrema de sacar meu saldo em reais no Brasil,"Estou 10 dias num processo estranho e assustador de sacar R$ 382,30 da corretora Avenue situada nos EUA  Porem com site representa",,Há 12 dias,https://www.reclameaqui.com.br/avenue-securities/dificuldade-extrema-de-sacar-meu-saldo-em-reais-no-brasil_V0wA1Xz8Nj6gFNpt/
Encerramento de conta,Gostaria de encerrar a minha conta nesta plataforma tendo em vista que eu não faço uso dos serviços disponibilizados.Porém p,,Há 13 dias,https://www.reclameaqui.com.br/avenue-securities/encerramento-de-conta_lcktamN1TA5Jxvu-/
Falta de acesso conta avenue.,"Não estou conseguindo cadastrar nova senha , já tentei inúmeras combinações diferentes mas sempre encontro uma mensagem dizendo qu",,Há 13 dias,https://www.reclameaqui.com.br/avenue-securities/falta-de-acesso-conta-avenue_R4uJ3LcKybdSXlEK/
Cancelamento de conta,No dia 14/03/23 de e-mail mandei e-mail para a Avenue (*******) para cancelar minha conta. Já se passaram 6 dias e não obtiv,,Há 13 dias,https://www.reclameaqui.com.br/avenue-securities/cancelamento-de-conta_W7mx3XwNywte-l3h/
REGISTRATO APARECENDO 61.384.004 - AVENUE SECURITIES DTVM LTDA.,"Verifiquei o cadastro dessa conta no meu cadastro registrato do banco central em 18/03/2022, porém já solicitei o encerramento com",,Há 15 dias,https://www.reclameaqui.com.br/avenue-securities/registrato-aparecendo-61-384-004-avenue-securities-dtvm-ltda_4KmSTsdsKrbVh08Z/
Plataforma não aceita ordens de venda de criptoativos - prejuízo em virtude disto,No dia 17/3/23 tentei várias vezes vender minhas criptomoedas e não consegui. As ordens eram rejeitas todas as vezes. O atendiment,,Há 15 dias,https://www.reclameaqui.com.br/avenue-securities/plataforma-nao-aceita-ordens-de-venda-de-criptoativos-prejuizo-em-virtude_8FtGe7_YarjLEpYb/
Aplicativo para perder dinheiro.,"Ao baixar e se cadastrar no aplicativo, vc já é automaticamente cadastrado no plano Premium, onde, para cada movimentação levam um",,Há 16 dias,https://www.reclameaqui.com.br/avenue-securities/aplicativo-para-perder-dinheiro_yVUkHrdshRNKZlP8/
TAXA DE TRANSFERÊNCIA WIZE,"A AVENUE NÃO COBRAVA NENHUMA TAXA DE TRANSFERÊNCIA WIZE POR TRANSFERÊNCIA WIZE EM ATÉ MARÇO DE 2021, EM SEGUIDA, NO PRÓPRIO ANO 20",,Há 16 dias,https://www.reclameaqui.com.br/avenue-securities/taxa-de-transferencia-wize_p7_yL3YfMs5sSy-e/
PEDIDO NÃO FOI ENTREGUE,PrezadosMeu pedido não foi entregue e após verificar o status de rastreio acusou que já foi realizado três tentativas,,Há 16 dias,https://www.reclameaqui.com.br/avenue-securities/pedido-nao-foi-entregue_tWcCM-7XgsQqU7Ym/
Não consigo cancelar,"Percebi que desde o ano passado o dinheiro que tinha deixado nessa empresa, em moeda internacional, começou a ter um desconto por ",,Há 17 dias,https://www.reclameaqui.com.br/avenue-securities/nao-consigo-cancelar_DL6QQunheTtA9zXC/
Saldo em conta incorreto,"Meu saldo consta como negativo e bloqueado, porem esta incorreto. Eu tenho saldo e não estou conseguindo realizar nenhuma operação",,Há 17 dias,https://www.reclameaqui.com.br/avenue-securities/saldo-em-conta-incorreto_ttcN-mEoZteng3AB/
Impossivel falar com um atendente para resolver um problema!,Estou a dias tentando falar com um atendente para resolver um problema de saldo negativo devido à inatividade e é impossível falar,,Há 18 dias,https://www.reclameaqui.com.br/avenue-securities/impossivel-falar-com-um-atendente-para-resolver-um-problema_PXiaot0g0U3t82PX/
Dificuldade em cancelar conta Avenue,Tentei cancelar a minha conta digital na Avenue e o problema começa que eles só cancelam por telefone. Liguei no contato informado,,Há 18 dias,https://www.reclameaqui.com.br/avenue-securities/dificuldade-em-cancelar-conta-avenue_Yxpb96_pqxG1wy1C/
Uso Indevido do meu e-mail,Estão usando meu e-mail em alguma conta da Avenue indevidamente. Com base na LGPD solicito que seja desvinculado meu e-mail dessa,,Há 18 dias,https://www.reclameaqui.com.br/avenue-securities/uso-indevido-do-meu-e-mail_tG0HAg4JBa7ZOO11/
"CONTA ENCERRADA, REABERTA INDEVIDAMENTE","No dia 03/02/2021, solicitei o encerramento da minha Conta Avenue no e-mail *******, , no dia 12/02/2021, recebi um retorno da Ave",,Há 18 dias,https://www.reclameaqui.com.br/avenue-securities/conta-encerrada-reaberta-indevidamente_5wy-llGYuM2JGiG1/
Resolução do atendente no chat nota ZERO,Fui vítima de um [Editado pelo Reclame Aqui] com o meu cartão da Avenue e entrei em contato com um agente através do chat. Depois,,Há 18 dias,https://www.reclameaqui.com.br/avenue-securities/resolucao-do-atendente-no-chat-nota-zero_sA5ZRE3YeGnalNVu/
Cobrança indevida na conta,"Reparei recentemente que a Avenue começou a me cobrar valores mensais pro falta de uso da conta, coisa que nunca havia acontecido ",,Há 18 dias,https://www.reclameaqui.com.br/avenue-securities/cobranca-indevida-na-conta_IHXT_7f77AyH9aNd/
Avenue induz cliente ao erro para operação de câmbio,Boa tarde.Há poucos meses abri conta na Avenue com objetivo do apelo de ser um banco com taxas de câmbio mais atrativa,,Há 18 dias,https://www.reclameaqui.com.br/avenue-securities/avenue-induz-cliente-ao-erro-para-operacao-de-cambio_Pn-jGp85kBgAv3Im/
Péssimo atendimento!!!,"Não liberam o informe de rendimentos do ano calendário 2022, e você não consegue contato de jeito nenhum!",,Há 18 dias,https://www.reclameaqui.com.br/avenue-securities/pessimo-atendimento_mZn0ojEPfV84T6gM/
Conta re-aberta após encerramento,"Minha conta foi encerrada em 13/01/2023, conforme protoclo no email anexo.No Registrato consta que minha conta foi abe",,Há 18 dias,https://www.reclameaqui.com.br/avenue-securities/conta-re-aberta-apos-encerramento_KLoxRn08pId6oRNs/
Alteração do número de celular,Troquei meu número de celular e não tenho mais acesso a minha conta! Não consigo contato!,,Há 19 dias,https://www.reclameaqui.com.br/avenue-securities/alteracao-do-numero-de-celular_qa7SlkB5Hj6A1ReV/
Não consigo cancelar a minha conta,"Já tentei cancelar a conta umas 6 vezes não tem opção no aplicativo, não me atendem no chat e mais de 1 hora ligando o jeito agora",,Há 19 dias,https://www.reclameaqui.com.br/avenue-securities/nao-consigo-cancelar-a-minha-conta_t9Ul7HKPThP9BEt3/
"A Avenue está retendo incorretamente um imposto de renda. Estou desde dezembro tentando resolver, mas eles estão ignorando.",Desde o dia 26 de dezembro estou falando com eles sobre uma retenção de IR sobre dividendos recebidos de investimentos em ETFs. Mo,,Há 19 dias,https://www.reclameaqui.com.br/avenue-securities/a-avenue-esta-retendo-incorretamente-um-imposto-de-renda-estou-desde-dezem_tg7JHstwIpP85wpO/
Conta reaberta sem a minha autorização,Fiz o cancelamento da minha conta pela central e consultei no Registrato que ela foi reaberta dia 09/02/2023 sem o meu consentimen,,Há 19 dias,https://www.reclameaqui.com.br/avenue-securities/conta-reaberta-sem-a-minha-autorizacao_iphd9G5WotGWIwzE/
Cartão não funciona no exterior. 4 dias tentando resolver e nada!!! ATENDIMENTO [Editado pelo Reclame Aqui],O cartão não funciona no exterior. É a segunda reclamação..avisaram que estaria funcionando ontem e nada..a central tem horário li,,Há 19 dias,https://www.reclameaqui.com.br/avenue-securities/cartao-nao-funciona-no-exterior-4-dias-tentando-resolver-e-nada-atendim_u22B_NslSRdBUqAv/
Solicitação de Encerramento de Conta,"Olá, venho solicitar o encerramento definitivo da minha conta Avenue, tanto a bancária quanto da conta de investimentos, cartões, ",,Há 19 dias,https://www.reclameaqui.com.br/avenue-securities/solicitacao-de-encerramento-de-conta_qsje7d17KK6q8QlU/
Encerramento de conta,consta em aberto uma conta minha no registrato e gostaria de encerrar a mesma.,,Há 19 dias,https://www.reclameaqui.com.br/avenue-securities/encerramento-de-conta_FKYJVnZEH8RvIUN6/
Existem pendências para o cálculo de seus relatórios,"A Avenue pede para eu preencher dados faltantes (Pendências de transferência de custódia), sendo que eu NUNCA tive conta no exteri",,Há 19 dias,https://www.reclameaqui.com.br/avenue-securities/existem-pendencias-para-o-calculo-de-seus-relatorios_N7tPAVEXq89Nhqpp/
Cartão não funciona no exterior! Não consigo contato com a central!,O cartão não está funcionando..estou tentando contato desde sábado e não tem central fora de dias úteis. Quanto finalmente consegu,,Há 20 dias,https://www.reclameaqui.com.br/avenue-securities/cartao-nao-funciona-no-exterior-nao-consigo-contato-com-a-central_iN9eQc7_W92HaoEb/
Impossivel resgatar o meu dinheiro,"Fui notificado com um email informando que o meu saldo está negativo, porém não faço movimentações financeiras a meses. Nem ",,Há 20 dias,https://www.reclameaqui.com.br/avenue-securities/impossivel-resgatar-o-meu-dinheiro_GwgvzKl8zjnOUmUg/
DESRESPEITO E PREJUÍZO,"NO DIA 02/FEV, a Avenue, no momento em que o dólar atinge R$ 4,94 (menor valor em 7 meses) e o seu cliente não consegue fechar o c",,Há 20 dias,https://www.reclameaqui.com.br/avenue-securities/desrespeito-e-prejuizo_NmrKowAxOgVlmjPM/
Encerramento de conta,Fiz o encerramento da minha conta porém voltou a aparecer no relatório de contas ativas do banco central. Solicito encerramento de,,Há 20 dias,https://www.reclameaqui.com.br/avenue-securities/encerramento-de-conta_tYr-ZdC_YURRJTKB/
"Costa que eu estou devendo 3,35 dólares sendo que eu não utilizei o serviço e não sei do que seria essa taxa","Ao consultar minha conta verifiquei  -3,35 dólares e em nenhum momento foi falado o motivo desse saldo estar negativo e quando con",,Há 20 dias,https://www.reclameaqui.com.br/avenue-securities/costa-que-eu-estou-devendo-3-35-dolares-sendo-que-eu-nao-utilizei-o-servico_yE0JbqMgNuc0JhSo/
Saldo Negativo na Avenue,"Fui notificado com um email informando que o meu saldo está negativo, porém não faço movimentações financeiras a meses. ",,Há 21 dias,https://www.reclameaqui.com.br/avenue-securities/saldo-negativo-na-avenue_yjvL4RLU4JHVcBJM/
Compra Não autorizada. Demora estorno,"Registrei uma ocorencia de compra nao autorizada com o meu cartão no dia 08/02/2023, a  resposta enviada pelo banco Avenue é que p",,Há 21 dias,https://www.reclameaqui.com.br/avenue-securities/compra-nao-autorizada-demora-estorno_lZoYuNCs-GyDNxAD/
Meu dinheiro sumiu,"Há uns meses fazendo um teste na Avenue , abri minha conta e depositei 1000,00 reais. Quis fazer um câmbio e acabei programando um",,Há 21 dias,https://www.reclameaqui.com.br/avenue-securities/meu-dinheiro-sumiu_DEJDmQBvlqoCLjob/
Abertura de Conta Indevida,"No dia 04/01/23, solicitei via e-mail o encerramento de conta junto a essa instituição financeira.No dia 11/02/23, rec",,Há 22 dias,https://www.reclameaqui.com.br/avenue-securities/abertura-de-conta-indevida_J2jeJ23ADqjAuSso/
Cobrança sem aviso,"Tenho uma conta na avenue que não utilizo a alguns meses, com a conta grátis, e para minha surpresa recebi um e-mail que estou dev",,Há 22 dias,https://www.reclameaqui.com.br/avenue-securities/cobranca-sem-aviso_Xg5l3cSaDsU8-cam/
"Sumiram com todo meu patrimônio, 45 dias tentando sacar meu dinheiro!",Em 25/01/2023 tentei fazer um câmbio USD/BRL para realizar um saque e informaram que eu não tinha limite. Solicitei o aumento do l,,Há 22 dias,https://www.reclameaqui.com.br/avenue-securities/sumiram-com-todo-meu-patrimonio-45-dias-tentando-sacar-meu-dinheiro_vAqiGWMte3J9wtGM/
Encerramento de conta,"Boa Noite,Nunca movimentei a conta agora tem taxa se não movimentar que brincadeira e essa?",,Há 22 dias,https://www.reclameaqui.com.br/avenue-securities/encerramento-de-conta_PkSrDq6tAOEcBXnl/
Irei fazer uma viagem a Europa do dia 13 de Março ao dia 1 de Abril,Espero não ter problemas ao tentar usar o cartão da empresa..,,Há 22 dias,https://www.reclameaqui.com.br/avenue-securities/irei-fazer-uma-viagem-a-europa-do-dia-13-de-marco-ao-dia-1-de-abril_TNjzF8ZlsK1nbMOv/
Cobrança sem prévio aviso,"Recebi um e-mail informando que estou negativo na conta da Avenue, sendo que meu plano é o gratuito, zero corretagem. ",,Há 23 dias,https://www.reclameaqui.com.br/avenue-securities/cobranca-sem-previo-aviso_poLX4Xg5eNQbimc-/
Abertura de conta sem autorização/violação da lei geral de proteção de dados,"Novamente a avenue só fez eu ter mais ciência de que não cumpre a lei, não tá nem aí pro seu cliente e ex clientes, reabriram inde",,Há 23 dias,https://www.reclameaqui.com.br/avenue-securities/abertura-de-conta-sem-autorizacao-violacao-da-lei-geral-de-protecao-de-dado_tAyxkVswxHPJipXe/
ABERTURA DE CONTA SEM A MINHA SOLICITAÇÃO,"Encerrei a minha conta com a Avenue em 19/01/2023, inclusive já não constava mais no relatório CCS do Banco Central.Ao",,Há 23 dias,https://www.reclameaqui.com.br/avenue-securities/abertura-de-conta-sem-a-minha-solicitacao_6i7ygRen5mG7V2Os/
Não consigo fazer cambio nem transferir o valor de volta pra conta,"Olá, tenho conta com voces, coloquei um valor na conta Brasileira, mas nao consigo fazer cambio e nem TED de novo para minha conta",,Há 24 dias,https://www.reclameaqui.com.br/avenue-securities/nao-consigo-fazer-cambio-nem-transferir-o-valor-de-volta-pra-conta_A0HGqT2vl2XnuCrB/
Minha conta Avenue foi reaberta e conta no meu registrato,"Olá,Havia encerrado minha conta na Avenue em 2022 e ao consultar meu registrato me deparei com a informação que minha ",,Há 24 dias,https://www.reclameaqui.com.br/avenue-securities/minha-conta-avenue-foi-reaberta-e-conta-no-meu-registrato_b7GCGrGcWF1IQP4b/
Cobrança indevida,"Sou cliente avenue e fui fazer meu primeiro investimento. Ao acessar o chat para me informar sobre os custos, foi esclarecido que ",,Há 24 dias,https://www.reclameaqui.com.br/avenue-securities/cobranca-indevida_MdCbvyK2m8k8Qtuu/
Quero cancelar essa conta,um tempo atras já pedi para cancelar essa conta e ela apareceu no registrato esses dias como abertaquero o cancelament,,Há 25 dias,https://www.reclameaqui.com.br/avenue-securities/quero-cancelar-essa-conta_cm4n806Jb2ZbJRdk/
Retirar dinheiro.,Estou há 15 dias tentando retirar meu dinheiro e não consigo. O ajuda só robô. Osso. Nunca mais!,,Há 25 dias,https://www.reclameaqui.com.br/avenue-securities/retirar-dinheiro_L_UrGgaIcxmPn8hQ/
Minha conta foi reaberta do nada no registrato do banco central,"Prezado(a) atendente,Venho por meio deste comunicado informar que encerrei a minha conta com a Avenue no dia 29/08/202",,Há 25 dias,https://www.reclameaqui.com.br/avenue-securities/minha-conta-foi-reaberta-do-nada-no-registrato-do-banco-central_Q-qdSsgeFhCDJQjT/
Conta sem autorização,"Prezados,Entrando no site do BACEN e visualizando as contas abertas em meu CPF, vejo uma conta aberta no dia 28/02/202",,Há 25 dias,https://www.reclameaqui.com.br/avenue-securities/conta-sem-autorizacao_KoW3hbvrxB7bYNoH/
Taxas de inatividade,Tenho conta com a corretora Avenue desde janeiro de 2021 e a partir de agosto de 2022 a mesma vem cobrando Taxa de inatividade até,,Há 25 dias,https://www.reclameaqui.com.br/avenue-securities/taxas-de-inatividade_5Zt73ZgBP03sjGs_/
Empresa mais cara do mercado,Eles têm um jeito de ganhar dinheiro em todas as pontas. Existe uma taxa de inatividade cobrada por deixar a conta sem movimentar,,Há 1 mês,https://www.reclameaqui.com.br/avenue-securities/empresa-mais-cara-do-mercado_rzPEWoXNSjGDdEd5/
Problemas com cartão virtual,"O número do cartão virtual não aparece no App da ""Fintech"", já entrei em contato com a central de atendimento por telefo",,Há 1 mês,https://www.reclameaqui.com.br/avenue-securities/problemas-com-cartao-virtual__d0-YnzkPyKVonw3/
Sem acesso à conta há mais de uma semana!,Estou sem acesso à minha conta há mais de uma semana. Não consigo fazer o login na minha conta há mais de uma semana; não consigo,,Há 1 mês,https://www.reclameaqui.com.br/avenue-securities/sem-acesso-a-conta-ha-mais-de-uma-semana_RMQBHMxSfJxwM1_n/
Sumiram com meu dinheiro!!!,"Tenho uma conta conjunta com meu esposo que é o segundo titular da conta e fiz um PIX para Avenue conforme as orientações, vi que ",,Há 1 mês,https://www.reclameaqui.com.br/avenue-securities/sumiram-com-meu-dinheiro_AuYey8Q6YiCv6e2t/
CANCELAMENTO DE CONTA,"Entrei em contato com o Chat da Avenue, e apesar dos horarios aparecerem das 8 as 17hrs, e eu ter tentado as 13hrs, não havia ning",,Há 1 mês,https://www.reclameaqui.com.br/avenue-securities/cancelamento-de-conta_icFfTbotaX1qsXJn/
Encerrar conta 61.384.004 - AVENUE SECURITIES DTVM LTDA.,"Acredito que eu já tenha encerrado essa conta, gostaria de que tirasse do meu registrato por favor!",,Há 1 mês,https://www.reclameaqui.com.br/avenue-securities/encerrar-conta-61-384-004-avenue-securities-dtvm-ltda_nD9yFDL5QwkR7dgq/
Informe de rendimentos sem informações,"Sou cliente Avenue desde 2020 , compro no exterior só pela Avenue e o câmbio tbm para não ter burocracias na hora de realizar o IR",,Há 1 mês,https://www.reclameaqui.com.br/avenue-securities/informe-de-rendimentos-sem-informacoes_GO1oZnkJuvktXap8/
Cadastro não finaliza,"Boa tarde me chamo Maciel Há algum tempo   estou tentando finalizar meu cadastro na Avenue porém sem sucesso, tentei várias ",,Há 1 mês,https://www.reclameaqui.com.br/avenue-securities/cadastro-nao-finaliza_0_U_3Ns5Go4QW2qk/
Insatisfação com cartão internacional,"Bom dia,                 Gostaria de realizar um feedback quanto ao cartão AVENUE para uso no exterior, infelizmente a",,Há 1 mês,https://www.reclameaqui.com.br/avenue-securities/insatisfacao-com-cartao-internacional_njRS-M05eTkTRWBq/
Promoção de câmbio,"A promoção iria até hoje, 03/03, contudo quando fui fazer o câmbio a promoção não estava ativa. Eu fiz e não geraram o desconto, p",,Há 1 mês,https://www.reclameaqui.com.br/avenue-securities/promocao-de-cambio_XXS9khx0fM9MQvXq/
Informe de rendimentos,"Fui tentar gerar meu informe de rendimentos como todo ano, porém hoje me deparo com o aviso que preciso regularizar pendencias par",,Há 1 mês,https://www.reclameaqui.com.br/avenue-securities/informe-de-rendimentos_15qxlq1trLZhR-vw/
Gastos ocorridos em um furto não estão sendo estornados pela AVENUE,"Prezados, tive um furto na cidade de Londres, onde o cartão AVENUE foi [Editado pelo Reclame Aqui]. O mesmo foi bloqueado por mim,",,Há 1 mês,https://www.reclameaqui.com.br/avenue-securities/gastos-ocorridos-em-um-furto-nao-estao-sendo-estornados-pela-avenue_rS3pBYV_AfL84rtf/
Cobrança indevida de corretagem,"Realizei 2 operações na data de hoje e fui cobrado em 2,5 dólares em cada ordem, em contato com o atendimento fui informado que de",,Há 1 mês,https://www.reclameaqui.com.br/avenue-securities/cobranca-indevida-de-corretagem_q-_INl0an-69Bh63/
CARTÃO NO DEBITO NAO FUNCIONA EMPRESA NAO RESPONDE CHAT,Estou com problema para utilizar o cartão virtual no Brasil. Da erro toda vez. Entrei em contato e me foi passado que exclusivamen,,Há 1 mês,https://www.reclameaqui.com.br/avenue-securities/cartao-no-debito-nao-funciona-empresa-nao-responde-chat_afhfAlvneSXWCUjv/
Corretora não respeita seu cliente,"venho por meio dessa indignação reclamar o abuso que a reclamada vem praticando, ela agora está cobrando taxas de inatividade e o ",,Há 1 mês,https://www.reclameaqui.com.br/avenue-securities/corretora-nao-respeita-seu-cliente_Lp6uvBzaaUgPJd03/
Sem acesso a negociação para transformar dólares em reais da Avenue.,Minha conta da Avenue não me deixa transformar meus dólares em reais e não consigo retirar um valor que preciso sacar para a minha,,Há 1 mês,https://www.reclameaqui.com.br/avenue-securities/sem-acesso-a-negociacao-para-transformar-dolares-em-reais-da-avenue_xS11BiaTZavyJD1k/
Retirada de valor e dificuldade para cancelamento de conta,"No dia 24/02 solicitei  via email  o câmbio de um valor que se encontra na corretora ($5,19)para realizar transferência para uma c",,Há 1 mês,https://www.reclameaqui.com.br/avenue-securities/retirada-de-valor-e-dificuldade-para-cancelamento-de-conta_azZ4afSAYV5LbVQc/
CONTA BLOQUEADA PARA SAQUE,"Precisei trocar as informações da minha agência que antes era Santander, agora é Itaú.Fiz isto já à mais de mês, já até envi",,Há 1 mês,https://www.reclameaqui.com.br/avenue-securities/conta-bloqueada-para-saque__WIozBpD9EMWEXV8/
Cobrança indevida,Há um tempo atrás solicitei a transferência dos meus ativos para outra corretora IB. Porém a Avenue não transferiu a totalid,,Há 1 mês,https://www.reclameaqui.com.br/avenue-securities/cobranca-indevida_rDex6FTmpEGtYMqR/
Meu investimento sumiu!,"Meu investimento sumiu, não vejo meu investimento na minha carteira e nada no extrato, simplesmente sumiu. O chat não conseguiu aj",,Há 1 mês,https://www.reclameaqui.com.br/avenue-securities/meu-investimento-sumiu_JHoVf--Io-f5sDhS/
Conta negativa,"Entrei na minha conta da Avenue, para fazer uma operação porém percebi que o saldo esta negativo. sem informar o porque da conta n",,Há 1 mês,https://www.reclameaqui.com.br/avenue-securities/conta-negativa_7s5rZgA5R8wZmri6/
Não consigo resolver problemas de acesso na minha conta,"Estou tentando recuperar a senha de acesso da minha conta, mas ao inserir o email de recuperação, é exibido uma mensagem de erro, ",,Há 1 mês,https://www.reclameaqui.com.br/avenue-securities/nao-consigo-resolver-problemas-de-acesso-na-minha-conta_cbTuAPkz2arDZYwJ/
Cobrança indevida,"Olá, vocês estão cobrando uma taxa mensal de inatividade na minha conta de investimento no US. Abri a conta com vocês porque prome",,Há 1 mês,https://www.reclameaqui.com.br/avenue-securities/cobranca-indevida_Snz6HME7slB9eDAV/
Avenue liquida posição de cripto sem aprovação do cliente,No dia 16/02/2023 a AVENUE liquidou uma posição da crypto HARMONY ONE qtda. 3******* no valor de $0.02593 creditando $8.54.,,Há 2 meses,https://www.reclameaqui.com.br/avenue-securities/avenue-liquida-posicao-de-cripto-sem-aprovacao-do-cliente_2auolCo0fE7g-14D/
Não está funcionando a retirada de dinheiro,"Estou a 2 semanas tentando retirar dinheiro da Avenue porém o sistema apresenta um erro, não consigo contato com ninguém pelo apli",,Há 2 meses,https://www.reclameaqui.com.br/avenue-securities/nao-esta-funcionando-a-retirada-de-dinheiro_1b0jhGIdLsdJp0kS/
Empresa negligência o cliente,"Cada dia mais tenho a certeza de que a corretora é uma das piores pra ser ter conta, além de cobrar caríssimo por todo e qualquer ",,Há 2 meses,https://www.reclameaqui.com.br/avenue-securities/empresa-negligencia-o-cliente_HmpZIwUWTplz-mkv/
Taxa de inatividade sem aviso,Fui surpreendido hoje (16/02) com um e-mail dizendo que meu saldo estava negativo. Não encontrei em absolutamente nenhum lugar (ap,,Há 2 meses,https://www.reclameaqui.com.br/avenue-securities/taxa-de-inatividade-sem-aviso_-cCctmrWNc9m4xiJ/
Impossível cancelar conta,"Fui surpreendido hoje com um email da Avenue dizendo que meu saldo está negativo.Entrei na plataforma e vi uma ""taxa de",,Há 2 meses,https://www.reclameaqui.com.br/avenue-securities/impossivel-cancelar-conta_eScIoO6ZVyLHhPba/
Sistema e atendimento péssimo,"Sistema está péssimo, tanto o online quanto o mobile. Não está carregando os dados dos meus investimentos. Se não bastasse, o aten",,Há 2 meses,https://www.reclameaqui.com.br/avenue-securities/sistema-e-atendimento-pessimo_ilTUhd--fXz1bMi9/
Cobrança de inatividade Avenue. Não recebi nenhuma notificação no dia 04/07/2022 da avenue conforme eles dizem ter enviado.,Hoje fui surpreendido com um email dizendo que estava com saldo negativo. Entrei no aplicativo e descobri que existe cobrança agor,,Há 2 meses,https://www.reclameaqui.com.br/avenue-securities/cobranca-de-inatividade-avenue-nao-recebi-nenhuma-notificacao-no-dia-04-07_YO6wOOmyrh-vlxHJ/
Não fizeram meu reembolso conforme o prometido e não me deram nenhuma satisfação!!!,Boa tarde! Deixo aqui a minha indignação com a Avenue que não cumpriu o combinado comigo. A empresa me deu a informação conforme a,,Há 2 meses,https://www.reclameaqui.com.br/avenue-securities/nao-fizeram-meu-reembolso-conforme-o-prometido-e-nao-me-deram-nenhuma-satis_AQa2clLwcXii-A2E/
Não estou conseguindo entra ma minha conta,"Faz alguns meses que não entro na minha conta, e durante esse tempo eu troquei de número, atualmente eu não consigo entra, gostari",,Há 2 meses,https://www.reclameaqui.com.br/avenue-securities/nao-estou-conseguindo-entra-ma-minha-conta_VYKyXMQYydtvi51F/
Cadastro no Registrato,"Notei em consulta recente ao Registrato, do Banco Central, o cadastro de meu CPF na empresa Coin-Distribuidora de Títulos e Valore",,Há 2 meses,https://www.reclameaqui.com.br/avenue-securities/cadastro-no-registrato_vJWALaqrWGrD_pLT/
Quantidade de compras.,"Boa tarde,Quantas ordem posso enviar?",,Há 2 meses,https://www.reclameaqui.com.br/avenue-securities/quantidade-de-compras_JObv7WlMPKKr1bu7/
Fui cobrada duas vezes pela mesma transação,"No dia 10/02/2023, fiz uma compra de ingresso pela internet e fui cobrada duas vezes pela mesma transação, como se vê no print em ",,Há 2 meses,https://www.reclameaqui.com.br/avenue-securities/fui-cobrada-duas-vezes-pela-mesma-transacao_elGVxYJL7kWTCmji/
"Entrega de cartão, nunca solicitado e que nunca recebi",Recebo e-mails da Avenue falando da entrega de um cartão de crédito que nunca solicitei.Nunca fui cliente da Avenue.Te,,Há 2 meses,https://www.reclameaqui.com.br/avenue-securities/entrega-de-cartao-nunca-solicitado-e-que-nunca-recebi_V4Y5qD_UVa-wXpIj/
Não entendo porque estou negativado na conta Banking.,"Era para eu ter U$83,25 no meu cartão de débito Avenue e agora apareço com um saldo negativo de $283,25 na conta banking. Aparecem",,Há 2 meses,https://www.reclameaqui.com.br/avenue-securities/nao-entendo-porque-estou-negativado-na-conta-banking_SOhT4yQXC9SIIQaj/
"Erro na plataforma, cliente assume prejuizo","Vendi um ativo na plataforma da Corretora Avenue em 27/01 e dia 06/ 02 ,o ativo volta para minha conta por um erro no sistema dele",,Há 2 meses,https://www.reclameaqui.com.br/avenue-securities/erro-na-plataforma-cliente-assume-prejuizo_MJceOdETx6HrtO9J/
Tarifas abusivas,"Quando abri minha conta na avenue, a empresa tinha taxa grátis para corretagem, e não tinha taxa de inatividade. Com o tempo a emp",,Há 2 meses,https://www.reclameaqui.com.br/avenue-securities/tarifas-abusivas_uDTgFN5mIvBdUX-T/
Nova conta para transferência,"no dia 31/01/2023,a Avenue me enviou um email, informando que teria que realizar novos depositos atraves de uma nova conta, desde ",,Há 2 meses,https://www.reclameaqui.com.br/avenue-securities/nova-conta-para-transferencia_ua1eDqcWvKFhzS08/
Suporte horrível,"Vamos lá!Tudo começou a alguns dias atrás, eu tinha umas ações precisa do dinheiro de volta, fazia tempo que tinha inv",,Há 2 meses,https://www.reclameaqui.com.br/avenue-securities/suporte-horrivel_CbS9nhjVWsKaXlUt/
Exclusão de conta,"Solicitei o cancelamento da conta Avenue dia 2 de Fevereiro 2023 por telefone, o atendente após concluir o processo de cancelament",,Há 2 meses,https://www.reclameaqui.com.br/avenue-securities/exclusao-de-conta_F7kEZi6Ouvtd8JDJ/
Taxas implementadas após a contratação,A Avenue está agindo de[Editado pelo Reclame Aqui] com as pessoas que abriram contas de investimentos com eles após as diversas pr,,Há 2 meses,https://www.reclameaqui.com.br/avenue-securities/taxas-implementadas-apos-a-contratacao_mjXdG-QF667Blq9K/
Não é possível fazer retirada da conta brasileira na Avenue.,Estou tentando efetuar a retirada de um valor que está na conta brasileira na Avenue para uma conta no Brasil. Havia cadastrado a,,Há 2 meses,https://www.reclameaqui.com.br/avenue-securities/nao-e-possivel-fazer-retirada-da-conta-brasileira-na-avenue_DM-gEM53Nxt93Pgk/
Saque não efetivado e cobranças indevidas de tarifa,"Boa tarde!No último dia 03/02 solicitei uma transferência/saque de minha conta na Avenue para outra conta, ciente da t",,Há 2 meses,https://www.reclameaqui.com.br/avenue-securities/saque-nao-efetivado-e-cobrancas-indevidas-de-tarifa_nKiA-fO5AxEm5rKH/
Conta e cartão entregue sem solicitação,"Acabei de receber um e-mail dizendo que meu cartão foi entregue, porém nunca solicitei conta e nem cartão. ",,Há 2 meses,https://www.reclameaqui.com.br/avenue-securities/conta-e-cartao-entregue-sem-solicitacao_CIatu-_K_wo6ggm4/
Não consigo finalizar o cadastro,"Criei a conta e passei pelo processo de informações da conta, mas na parte dos dados pessoais quando vou finalizar ocorre o erro &",,Há 2 meses,https://www.reclameaqui.com.br/avenue-securities/nao-consigo-finalizar-o-cadastro_aRt8vTUpzpLAqXM0/
cartão não solicitado,"Recebi um email hoje, 8.2.23, dizendo que meu cartão foi entregue e procedimentos para desbloquea-lo.Nunca solicitei esse ca",,Há 2 meses,https://www.reclameaqui.com.br/avenue-securities/cartao-nao-solicitado_iaZix1SI1D9Txmno/
Avenue card enviado sem ter solicitado,"Hoje, dia 08/02/2023, eu recebi um e-mail dizendo que o cartão avenue não foi entregue no endereço solicitado, porém eu não solici",,Há 2 meses,https://www.reclameaqui.com.br/avenue-securities/avenue-card-enviado-sem-ter-solicitado_nrhMNWO3H8Xd6i08/
Conta que não criei,"Hoje dia 8/02/23, recebi um email da Avenue informando que meu cartão Avenue foi entregue, sendo que não criei conta na Avenue, e ",,Há 2 meses,https://www.reclameaqui.com.br/avenue-securities/conta-que-nao-criei_WCCKBO_XWnyjNtM7/
Sistema Câmbio,"Dólar cai, sistema Avenue Cai. Absurdo. Sempre assim.",,Há 2 meses,https://www.reclameaqui.com.br/avenue-securities/sistema-cambio_IQcCZcRcUqtbdYBs/
Desinteresse em ter-me como cliente,"A Avenue cobra taxa escorchante para emissão do cartão, porém, abre exceções, que o digam as reclamações com essa resposta aqui no",,Há 2 meses,https://www.reclameaqui.com.br/avenue-securities/desinteresse-em-ter-me-como-cliente_W_h1cl8NqRohghd-/
Não consigo fazer cambio Dólar- > Real e retirar meu dinheiro,"Tenho uma conta na Avenue e vendi todas as minhas ações, tentei depois de alguns dias fazer a o cambio pra real novamente e retira",,Há 2 meses,https://www.reclameaqui.com.br/avenue-securities/nao-consigo-fazer-cambio-dolar-gt-real-e-retirar-meu-dinheiro_2tVK3GHsK7030EKG/
Tarifas abusivas,"Fui para o Paraguai e levei o cartão de débito da avenue pra não ter q andar com dinheiro, fiz uma compra de 2.390,00 dólares que ",,Há 2 meses,https://www.reclameaqui.com.br/avenue-securities/tarifas-abusivas_ZsZXENILGCJpjNbt/
Sumiram ativos do meu portfólio,Fui acessar a conta da Avenue esse mês e 6 cotas de um ativo específico desapareceram da minha conta. Entrei em contato com o supo,,Há 2 meses,https://www.reclameaqui.com.br/avenue-securities/sumiram-ativos-do-meu-portfolio_1Vi60Nxik0BQDTBa/
Não consigo investir,No dia 25 de janeiro fiz o cambio de real para dolar e desde entao não consigo fazer um investimento pois sempre aparece a mensage,,Há 2 meses,https://www.reclameaqui.com.br/avenue-securities/nao-consigo-investir_IJl752MPi_qBg6EY/
Não consigo atendimento,"Tenho uma conta na Avenue, fui fazer o aporte do mês e não consegui e aí descobri que a corretora não está atendendo em nenhum tel",,Há 2 meses,https://www.reclameaqui.com.br/avenue-securities/nao-consigo-atendimento_Fe2MYoVni2EGF4sm/
Não consigo sacar o meu dinheiro,"Consta que eu tenho um valor em patrimônios nos EUA, mas não tem a opção de sacar ou retirar meu dinheiro. ESTOU IMPOSSIBILITADO D",,Há 2 meses,https://www.reclameaqui.com.br/avenue-securities/nao-consigo-sacar-o-meu-dinheiro_Q24gRT3PJx0-qBia/
Conta desconhecida no Registrato,Olhei hoje no meu registrato e consta lá uma conta aberta em nome de COIN-DISTRIBUIDORA DE TITULOS E VALORES MOBILIARIOS LTDA (pes,,Há 2 meses,https://www.reclameaqui.com.br/avenue-securities/conta-desconhecida-no-registrato_twDvQ-0cVDsfeZm-/
Problema no Aviso de Viagem,"Estou em viagem em Bahrain, cadastrei o aviso de viagem mas o cartão não passa.  Por conta disso, estou tendo q passar o cartão de",,Há 2 meses,https://www.reclameaqui.com.br/avenue-securities/problema-no-aviso-de-viagem_rt4gpJHhgIu46PUR/
No dia da baixa história do dolar avenue não executou minha compra de câmbio e gerou prejuizo,"Realizei com muito custo a compra de cambio em 02/02 na plataforma,  e mais tarde descobri que a compra foi rejeitada. Nenhuma exp",,Há 2 meses,https://www.reclameaqui.com.br/avenue-securities/no-dia-da-baixa-historia-do-dolar-avenue-nao-executou-minha-compra-de-cambi_wfWz9aaGwp3m1C33/
Indisponibilidade do serviço frente a boas oportunidades no câmbio,Ratifico aqui reclamações de outras pessoas vistas nesta plataforma.Ontem o dólar chegou em um valor muito atrativo para com,,Há 2 meses,https://www.reclameaqui.com.br/avenue-securities/indisponibilidade-do-servico-frente-a-boas-oportunidades-no-cambio_DTmE-1j44IguF-bm/
"Ano passado fiz uma conta na Avenue para investir, mas agora estou com saldo negativo e não consigo liquidar o que tenho.","Boa tarde tenho uma conta com vcs , e não tem suporte pelo app.Ano passado fiz uns investimentos pequenos mas retirei , e ac",,Há 2 meses,https://www.reclameaqui.com.br/avenue-securities/ano-passado-fiz-uma-conta-na-avenue-para-investir-mas-agora-estou-com-sald_5rb86ZznZmKAUAYN/
Empresa desorganizada,"Abri uma conta na Avenue no dia 15 fev 2023, quando apresentei os documentos exigidos - RG e comprovante de residência em nome de ",,Há 2 meses,https://www.reclameaqui.com.br/avenue-securities/empresa-desorganizada_Qc2lzSTWFLL9f2b8/
Bloqueio de conta indevida,"Segunda feira (13/02) fui acessar minha conta no app e estava bloqueada, entrei em contato, me disseram que um chamado foi aberto ",,Há 2 meses,https://www.reclameaqui.com.br/avenue-securities/bloqueio-de-conta-indevida_EpVH1fA2dSf7OJAs/
Cobrança de taxa por inatividade,"Hoje para minha surpresa recebi um e-mail dessa corretora me informando que meu saldo está negativo nesta corretora, por uma supos",,Há 2 meses,https://www.reclameaqui.com.br/avenue-securities/cobranca-de-taxa-por-inatividade_2l3i83Gojp0po_6u/
Problemas com operação de câmbio,"Boa tarde, Possuo um saldo (em dólares) na minha conta, resultado de uma venda de ações, e preciso converter este valor em r",,Há 2 meses,https://www.reclameaqui.com.br/avenue-securities/problemas-com-operacao-de-cambio_IEGWAOjPXkmjhImp/
Recebi e-mail informando entrega de cartão e nunca tive nenhum contato com a empresa,"No dia 8/2/2023, recebi um e-mail enviado pelo sistema Flash de entrega (com domínio *******), de que meu cartão Avenue Card físic",,Há 2 meses,https://www.reclameaqui.com.br/avenue-securities/recebi-e-mail-informando-entrega-de-cartao-e-nunca-tive-nenhum-contato-com_OI6WJjaCzDF_TTme/
EXECUÇÃO PARCIAL DE ORDEM COM COBRANÇA DE CORRETAGEM,"Efetuei em 24/02/23 uma ordem compra de 50 ações da KO (Coca Cola) no After Market, porém foram executadas apenas 12 e o restante ",,Há 2 meses,https://www.reclameaqui.com.br/avenue-securities/execucao-parcial-de-ordem-com-cobranca-de-corretagem_pUXY-1OQVWOzADNV/
Avenue erro ao solicitar cambio real para dolar,"Realizei um Pix para a conta da Avenue e estou tentando fazer o Câmbio, porém o retorno é uma mensagem de erro:error.C",,Há 2 meses,https://www.reclameaqui.com.br/avenue-securities/avenue-erro-ao-solicitar-cambio-real-para-dolar_eDeRiDG81GBQv8gQ/
Encerramento de conta,1-Favor encerrar minha conta na Avenue.2- fiz uma venda de um ativo a mercado pois não apareceu a opção de stop ou limitada.,,Há 2 meses,https://www.reclameaqui.com.br/avenue-securities/encerramento-de-conta_-ZvIxkdX7gpCpzaz/
Pix não localizado,"Nos últimos dias realizei 3 pix para minha conta:Dia 21/01 - R$2600 e R$600,00Dia 22/01 as 23h52 - R$600,0",,Há 2 meses,https://www.reclameaqui.com.br/avenue-securities/pix-nao-localizado_897-sRilY9BtA7DS/
Exclusão de dados,Recentemente fui vítima de um [Editado pelo Reclame Aqui] em um banco digital que não utilizava há tempos. Diante disso desejo a e,,Há 2 meses,https://www.reclameaqui.com.br/avenue-securities/exclusao-de-dados_kE8aW0ZZdHIC21-x/
Não consigo sacar dinheiro,"Primeiramente, fiquei com saldo negativo na conta, por questão de ""inatividade"", a qual achei ridículo. Por tal motivo, ",,Há 2 meses,https://www.reclameaqui.com.br/avenue-securities/nao-consigo-sacar-dinheiro_a6yUlhvIwGOeaJKd/
Exigência absurda para acessar relatórios de rendimentos,"Tenho conta na Avenue há 3 anos. Lá no início, alguns ativos foram transferido da DW para a Avenue, ativos os quais eu nem tenho m",,Há 2 meses,https://www.reclameaqui.com.br/avenue-securities/exigencia-absurda-para-acessar-relatorios-de-rendimentos_MsTGb5GXyACekpTA/
Não tenho acesso a minha conta Avenue,"Recentemente pedi para a Avenue alterar meu número de telefone, eles entraram em contato comigo e acho que erraram algum dígito po",,Há 2 meses,https://www.reclameaqui.com.br/avenue-securities/nao-tenho-acesso-a-minha-conta-avenue_Z1WGbTTdW167kzl-/
Encerramento de conta,"Olá, abri conta na avenue anos atrás e na data assinei um contrato do qual não constava nenhuma taxa de inatividade a ser cobrada.",,Há 2 meses,https://www.reclameaqui.com.br/avenue-securities/encerramento-de-conta_y_4ELtqJAOcRGEPO/
Existem pendências para o cálculo de seus relatórios,"Meus relatórios do imposto de renda dos anos anteriores sumiram e estão solicitando preenchimento de dados faltantes, contudo não ",,Há 2 meses,https://www.reclameaqui.com.br/avenue-securities/existem-pendencias-para-o-calculo-de-seus-relatorios_SwIbI0vFL-t3enBD/
"Gostaria de alterar o numero do meu celular, moro fora do Brasil","Gostaria de alterar o numero do meu celular, moro fora do Brasil.Meu numero: +*******9",,Há 2 meses,https://www.reclameaqui.com.br/avenue-securities/gostaria-de-alterar-o-numero-do-meu-celular-moro-fora-do-brasil_4Bl0DpahPIu1p64F/
RETIRAR DADOS DO REGISTRATO 13.059.145,"Solicitei sob o protocolo 01268479 a exclusão dos meu dados através do encerramento da conta, que está constando na relação do Ban",,Há 2 meses,https://www.reclameaqui.com.br/avenue-securities/retirar-dados-do-registrato-13-059-145_WBhJhbUvaSbA2c_V/
Dinheiro depositado e não consigo fazer cambio ou sacar,Transferi dinheiro ontem e ontem mesmo tentei fazer cambio que foi rejeitado por causa do horário. Até ai tudo bem.Só que ho,,Há 2 meses,https://www.reclameaqui.com.br/avenue-securities/dinheiro-depositado-e-nao-consigo-fazer-cambio-ou-sacar_pn1Kxe2d8yOPkdzI/
Nao consigo encerrar minha conta,"Ja solicitei diversas vezes pelo app, onde dizem que o encerramento seria processado em até 7 dias, porém NUNCA obtive resposta. D",,Há 2 meses,https://www.reclameaqui.com.br/avenue-securities/nao-consigo-encerrar-minha-conta_ie64VoH8cmOD83jO/
Não consigo retirar meu dinheiro,Diante das altas taxas tanto de inatividade quanto de quantidade mínima de movimentação quero retirar todo meu dinheiro e encerrar,,Há 3 meses,https://www.reclameaqui.com.br/avenue-securities/nao-consigo-retirar-meu-dinheiro_1hvlovtoOj6PxImJ/
Falha na Plataforma = Taxa de Cambio expressa.,Boa Noite Avenue  Nesta segunda as 10hs fui comprar dólar (depois de muitos meses) sem mexer reparei nas divisões de c,,Há 3 meses,https://www.reclameaqui.com.br/avenue-securities/falha-na-plataforma-taxa-de-cambio-expressa_NS4YxtXfktr2wfgu/
A avenue está cobrando taxas por inatividade,"A corretora Avenue está cobrando taxas absurdas por inatividade, e nem avisa no app, só por email . Além disso, eles aumentaram pr",,Há 3 meses,https://www.reclameaqui.com.br/avenue-securities/a-avenue-esta-cobrando-taxas-por-inatividade_5tQg6UWGlkwuAgK7/
Não recebi meus dividendos,"Comprei MPW na DATAEX (07/12/22) com a finalidade de receber os dividendos da mesma, e não se concretizou, deveriam ter sido pagos",,Há 3 meses,https://www.reclameaqui.com.br/avenue-securities/nao-recebi-meus-dividendos_f4LqIWDcUghSZzMu/
Encerrar conta,"Boa tarde, não estou conseguindo encerrar minha conta na Corretora Avenue já tentei pelo app, e pelo telefone informado (0800 760 ",,Há 3 meses,https://www.reclameaqui.com.br/avenue-securities/encerrar-conta_yg1oGeXOOhJJ9vdt/
Problemas com Retirada de valores,"Solicitei uma retirada de saldo para outra conta bancária mas, ao realizar a operação vi que tinha digitado de forma incorreta min",,Há 3 meses,https://www.reclameaqui.com.br/avenue-securities/problemas-com-retirada-de-valores_skIdlUTHxpV8FyFC/
DIMINUIÇÃO | 10 ORDENS PARA 3 | TAXA DE INATIVIDADE | AUMENTO TAXA DE CORRETAGEM,Nao acredito que mudaram de 10 ordens gratuitas aos mês para apenas 3!!!! Infelizmente em pouco tempo realizarei saques de todos m,,Há 8 meses,https://www.reclameaqui.com.br/avenue-securities/diminuicao-10-ordens-para-3-taxa-de-inatividade-aumento-taxa-de-corre_MIzzZsaIj93VVG2j/
Emissão do cartão de débito absurdo,"Solicitei o cartão de débito da Avenue o qual está para chegar amanhã, de acordo com o rastreio*******8. Embora eu goste muita da ",,Há 8 meses,https://www.reclameaqui.com.br/avenue-securities/emissao-do-cartao-de-debito-absurdo_jjSFvz1m1lkONjBo/
Saldo negativo ???,Baixei o aplicativo aqui pra dar uma analisada e vi que minha conta está com saldo negativo de 50 centavos ? Quero saber o por que,,Há 8 meses,https://www.reclameaqui.com.br/avenue-securities/saldo-negativo_gVBKuq1eol0K9MW2/
Redução de quantidade de corretagem gratuita e aumento de taxa,"Sempre utilizei a Avenue pela facilidade na declaração do IR e utilização do app, mesmo pagando uma taxa de spread acima da média ",,Há 8 meses,https://www.reclameaqui.com.br/avenue-securities/reducao-de-quantidade-de-corretagem-gratuita-e-aumento-de-taxa_6b_iVh9GViPqgBQc/
Alteração da tabela de custos sem as devidas notificações,"Alteraram a taxação e só enviaram uma notificação por email que cai no spam, porém a news deles cai na caixa principal, só a tabel",,Há 8 meses,https://www.reclameaqui.com.br/avenue-securities/alteracao-da-tabela-de-custos-sem-as-devidas-notificacoes_ZGTPzxDyFXTm1P-g/
"cobrança da emissao do cartao de debito internacional absurda, todos os outros concorrentes nao cobram por essa emissao!!","cobrança da emissao do cartao de debito internacional absurda, todos os outros concorrentes nao cobram por essa emissao!!",,Há 8 meses,https://www.reclameaqui.com.br/avenue-securities/cobranca-da-emissao-do-cartao-de-debito-internacional-absurda-todos-os-out_flhfTO1w3aQsY1tN/
Mudança repentina na proposta da empresa,"A Avenue se vendeu muito bem como uma corretora feita para brasileiros, uma corretora com taxas gratuitas (mesmo tendo um limite d",,Há 8 meses,https://www.reclameaqui.com.br/avenue-securities/mudanca-repentina-na-proposta-da-empresa_HXsBBvJupQLoGfLI/
Cobrança duplicada - atendimento ruim - viagem exterior,"Pessoal, dividindo com vocês um péssima experiência que tive com eles quando estava viajando para fora do país. Era meu único cart",,Há 8 meses,https://www.reclameaqui.com.br/avenue-securities/cobranca-duplicada-atendimento-ruim-viagem-exterior_SXGdv5LpmjI8RQkc/
Não respondem o chat. Impossível falar com atendente!,Estou tentando contatar algum atendente da Avenue pelo chat mas é uma árdua missão. Não tem nada avisando q em breve o atendimento,,Há 8 meses,https://www.reclameaqui.com.br/avenue-securities/nao-respondem-o-chat-impossivel-falar-com-atendente_NHwcmjl8iBtRvWbM/
Taxa de inatividade retroativa.,Recebi um email sobre os novos termos da Avenue sobre uma nova taxa de inatividade que seria cobrada caso a conta nao fosse movime,,Há 8 meses,https://www.reclameaqui.com.br/avenue-securities/taxa-de-inatividade-retroativa_Ne_nSqX8lQbLInGj/
Diminuição no numero de corretagens grátis é um absurdo!,Diminuiram as corretagem grátis de 10 para 3. isso é muito pouco!! Estou pensando seriamente em retirar meu capital dessa empresa.,,Há 8 meses,https://www.reclameaqui.com.br/avenue-securities/diminuicao-no-numero-de-corretagens-gratis-e-um-absurdo_ErUsyqyYZqfDIQcF/
"propaganda enganosa: Alteração de ordens grátis de 10 para 3, sem aviso no app e com divergência de informação",Alteração das ordens grátis reduzindo de 10 para 3 por mês. Não recebi avisos oficiais. Olhando a página do app ainda consta como,,Há 8 meses,https://www.reclameaqui.com.br/avenue-securities/propaganda-enganosa-alteracao-de-ordens-gratis-de-10-para-3-sem-aviso-no_Shae_urvjLcqSzHl/
Não consigo atendimento para acesso ao app,"Boa tarde, Não consigo recuperar o acesso à minha conta. Troquei de telefone e troquei de número de celular. Sei as cr",,Há 8 meses,https://www.reclameaqui.com.br/avenue-securities/nao-consigo-atendimento-para-acesso-ao-app_54Wj0OAMnM2dYNRy/
Cancelar conta," E eu estou tentando efetuar o cancelamento da minha conta na Avenue, no aplicativo,  no chat não tem essa opção e o jeito é tenta",,Há 8 meses,https://www.reclameaqui.com.br/avenue-securities/cancelar-conta_ge8hyRRKuG9yyioF/
Atendimento Avenue - demorado e nao resolvem o problema,"Fiquei por quase MEIA HORA esperando o atendente da Avenue (Leonam) para ele me dizer que nao seria com ele, e eu seria transferid",,Há 8 meses,https://www.reclameaqui.com.br/avenue-securities/atendimento-avenue-demorado-e-nao-resolvem-o-problema_O_re7tk1q3LjmUqL/
"Transferi o dinheiro para minha conta, aparece como liquidado mas não foi.","Fiz a transferência da Avenue para meu banco Itaú no dia 04/07/2022 e a data de liquidação estava para o mesmo dia, hoje já é dia ",,Há 8 meses,https://www.reclameaqui.com.br/avenue-securities/transferi-o-dinheiro-para-minha-conta-aparece-como-liquidado-mas-nao-foi_SisC5DgOGhyV3f4G/
Taxa de inatividade..,"No dia 02/08/2022, entrei em contato pelo atendimento via chat, argumentando quando a tal taxa de inatividade iria começar a ser c",,Há 8 meses,https://www.reclameaqui.com.br/avenue-securities/taxa-de-inatividade_cCW2Q47SejXUvlMg/
Taxa  de inatividade,Dia 04/07 recebi um e-mail informando sobre mudanças na tabela de preços que entraria em vigor dia 27/07. Inconformado com a cobra,,Há 8 meses,https://www.reclameaqui.com.br/avenue-securities/taxa-de-inatividade_pyD3h7ucx_pHl03I/
Péssimo atendimento do Mateus na Avenue,"Liguei para Avenue hj e fui atendida pelo Mateus, para saber pq estavam me cobrando corretagem numa operação sendo que tínhamos 10",,Há 8 meses,https://www.reclameaqui.com.br/avenue-securities/pessimo-atendimento-do-mateus-na-avenue_WhkAEvpZcR8nveLb/
Cobranca retroativa a partir de novas regras,"Quer saber se uma empresa e boa, espera ate precisar resolver algum problema com ela! A Avenue mudou suas politicas e com isso nov",,Há 8 meses,https://www.reclameaqui.com.br/avenue-securities/cobranca-retroativa-a-partir-de-novas-regras_6BXOY2gUe1PM0kEP/